topic_id,lesson_title,hero_name,power,theme_color_hex,suggested_filename,image_prompt
stranger-safety,Someone I Don’t Know,Captain Caution,Stranger Sense,#1f9d6b,hero-stranger-safety.png,"Flat, clean vector-illustration style children's superhero mascot character (think modern kids'-educational-app mascot, NOT photorealistic, NOT a comic-book/manga style, NOT scary or intense). Simple bold shapes, thick clean outlines (2-3px even weight), soft rounded corners, minimal fine detail so it stays clear as a small icon. Big simple friendly eyes, warm gentle smile, no aggressive or intense facial expressions. A simple cape and a form-fitting superhero costume/bodysuit (no exposed muscles, no weapons, nothing frightening). Character is a friendly, ambiguous-age kid-appropriate superhero (not obviously adult or child, not gendered-specific unless noted). Plain solid-color or transparent background, no scenery, no text, no logos, no watermarks. Square 1:1 composition, character centered and fully visible with a little padding around the edges. Bright, clean, cheerful lighting -- no harsh shadows. This character is ""Captain Caution"", the superhero for the ""Someone I Don’t Know"" safety lesson (power: ""Stranger Sense"" -- Knows when to keep a safe distance.). Primary costume color: friendly grass green (#1f9d6b), used for the cape/bodysuit main color, with a white or cream secondary accent color for gloves/boots/trim. Chest emblem: a simple rounded shield shape, in white or a light contrasting color, centered on the chest. Pose: standing in a calm protective stance, arms slightly out as if guarding a space."
street-safety,Crossing the Street Safely,Crosswalk Guardian,Look-Both-Ways Vision,#1f9d6b,hero-street-safety.png,"Flat, clean vector-illustration style children's superhero mascot character (think modern kids'-educational-app mascot, NOT photorealistic, NOT a comic-book/manga style, NOT scary or intense). Simple bold shapes, thick clean outlines (2-3px even weight), soft rounded corners, minimal fine detail so it stays clear as a small icon. Big simple friendly eyes, warm gentle smile, no aggressive or intense facial expressions. A simple cape and a form-fitting superhero costume/bodysuit (no exposed muscles, no weapons, nothing frightening). Character is a friendly, ambiguous-age kid-appropriate superhero (not obviously adult or child, not gendered-specific unless noted). Plain solid-color or transparent background, no scenery, no text, no logos, no watermarks. Square 1:1 composition, character centered and fully visible with a little padding around the edges. Bright, clean, cheerful lighting -- no harsh shadows. This character is ""Crosswalk Guardian"", the superhero for the ""Crossing the Street Safely"" safety lesson (power: ""Look-Both-Ways Vision"" -- Never crosses without checking twice.). Primary costume color: friendly grass green (#1f9d6b), used for the cape/bodysuit main color, with a white or cream secondary accent color for gloves/boots/trim. Chest emblem: a five-pointed star, in white or a light contrasting color, centered on the chest. Pose: standing in a friendly, confident superhero pose, hands on hips."
lost-safety,If I Get Separated,Wayfinder,Steady Ground,#1f9d6b,hero-lost-safety.png,"Flat, clean vector-illustration style children's superhero mascot character (think modern kids'-educational-app mascot, NOT photorealistic, NOT a comic-book/manga style, NOT scary or intense). Simple bold shapes, thick clean outlines (2-3px even weight), soft rounded corners, minimal fine detail so it stays clear as a small icon. Big simple friendly eyes, warm gentle smile, no aggressive or intense facial expressions. A simple cape and a form-fitting superhero costume/bodysuit (no exposed muscles, no weapons, nothing frightening). Character is a friendly, ambiguous-age kid-appropriate superhero (not obviously adult or child, not gendered-specific unless noted). Plain solid-color or transparent background, no scenery, no text, no logos, no watermarks. Square 1:1 composition, character centered and fully visible with a little padding around the edges. Bright, clean, cheerful lighting -- no harsh shadows. This character is ""Wayfinder"", the superhero for the ""If I Get Separated"" safety lesson (power: ""Steady Ground"" -- Stays put and finds a helper when lost.). Primary costume color: friendly grass green (#1f9d6b), used for the cape/bodysuit main color, with a white or cream secondary accent color for gloves/boots/trim. Chest emblem: a compass-rose (star-shaped needle inside a circle), in white or a light contrasting color, centered on the chest. Pose: standing tall, looking off to one side attentively as if watching for something."
emergency-safety,Calling for Help in an Emergency,Rescue Ray,Emergency Signal,#c0392b,hero-emergency-safety.png,"Flat, clean vector-illustration style children's superhero mascot character (think modern kids'-educational-app mascot, NOT photorealistic, NOT a comic-book/manga style, NOT scary or intense). Simple bold shapes, thick clean outlines (2-3px even weight), soft rounded corners, minimal fine detail so it stays clear as a small icon. Big simple friendly eyes, warm gentle smile, no aggressive or intense facial expressions. A simple cape and a form-fitting superhero costume/bodysuit (no exposed muscles, no weapons, nothing frightening). Character is a friendly, ambiguous-age kid-appropriate superhero (not obviously adult or child, not gendered-specific unless noted). Plain solid-color or transparent background, no scenery, no text, no logos, no watermarks. Square 1:1 composition, character centered and fully visible with a little padding around the edges. Bright, clean, cheerful lighting -- no harsh shadows. This character is ""Rescue Ray"", the superhero for the ""Calling for Help in an Emergency"" safety lesson (power: ""Emergency Signal"" -- Calls for help fast when it matters most.). Primary costume color: warm alert red (#c0392b), used for the cape/bodysuit main color, with a white or cream secondary accent color for gloves/boots/trim. Chest emblem: a lightning bolt, in white or a light contrasting color, centered on the chest. Pose: standing in an alert, ready-to-help stance, one fist gently raised."
fire-safety,Fire Safety,Blaze Guard,Flame Shield,#c0392b,hero-fire-safety.png,"Flat, clean vector-illustration style children's superhero mascot character (think modern kids'-educational-app mascot, NOT photorealistic, NOT a comic-book/manga style, NOT scary or intense). Simple bold shapes, thick clean outlines (2-3px even weight), soft rounded corners, minimal fine detail so it stays clear as a small icon. Big simple friendly eyes, warm gentle smile, no aggressive or intense facial expressions. A simple cape and a form-fitting superhero costume/bodysuit (no exposed muscles, no weapons, nothing frightening). Character is a friendly, ambiguous-age kid-appropriate superhero (not obviously adult or child, not gendered-specific unless noted). Plain solid-color or transparent background, no scenery, no text, no logos, no watermarks. Square 1:1 composition, character centered and fully visible with a little padding around the edges. Bright, clean, cheerful lighting -- no harsh shadows. This character is ""Blaze Guard"", the superhero for the ""Fire Safety"" safety lesson (power: ""Flame Shield"" -- Drops, covers, and gets to safety.). Primary costume color: warm alert red (#c0392b), used for the cape/bodysuit main color, with a white or cream secondary accent color for gloves/boots/trim. Chest emblem: a single rounded flame, in white or a light contrasting color, centered on the chest. Pose: standing in an alert, ready-to-help stance, one fist gently raised."
earthquake-safety,Earthquake Safety,Tremor Titan,Steady Stance,#c0392b,hero-earthquake-safety.png,"Flat, clean vector-illustration style children's superhero mascot character (think modern kids'-educational-app mascot, NOT photorealistic, NOT a comic-book/manga style, NOT scary or intense). Simple bold shapes, thick clean outlines (2-3px even weight), soft rounded corners, minimal fine detail so it stays clear as a small icon. Big simple friendly eyes, warm gentle smile, no aggressive or intense facial expressions. A simple cape and a form-fitting superhero costume/bodysuit (no exposed muscles, no weapons, nothing frightening). Character is a friendly, ambiguous-age kid-appropriate superhero (not obviously adult or child, not gendered-specific unless noted). Plain solid-color or transparent background, no scenery, no text, no logos, no watermarks. Square 1:1 composition, character centered and fully visible with a little padding around the edges. Bright, clean, cheerful lighting -- no harsh shadows. This character is ""Tremor Titan"", the superhero for the ""Earthquake Safety"" safety lesson (power: ""Steady Stance"" -- Drops, covers, and holds on tight.). Primary costume color: warm alert red (#c0392b), used for the cape/bodysuit main color, with a white or cream secondary accent color for gloves/boots/trim. Chest emblem: a simple triple-peaked mountain, in white or a light contrasting color, centered on the chest. Pose: standing in an alert, ready-to-help stance, one fist gently raised."
rainyweather-safety,Staying Safe in Bad Weather,Storm Sentinel,Weather Watch,#c0392b,hero-rainyweather-safety.png,"Flat, clean vector-illustration style children's superhero mascot character (think modern kids'-educational-app mascot, NOT photorealistic, NOT a comic-book/manga style, NOT scary or intense). Simple bold shapes, thick clean outlines (2-3px even weight), soft rounded corners, minimal fine detail so it stays clear as a small icon. Big simple friendly eyes, warm gentle smile, no aggressive or intense facial expressions. A simple cape and a form-fitting superhero costume/bodysuit (no exposed muscles, no weapons, nothing frightening). Character is a friendly, ambiguous-age kid-appropriate superhero (not obviously adult or child, not gendered-specific unless noted). Plain solid-color or transparent background, no scenery, no text, no logos, no watermarks. Square 1:1 composition, character centered and fully visible with a little padding around the edges. Bright, clean, cheerful lighting -- no harsh shadows. This character is ""Storm Sentinel"", the superhero for the ""Staying Safe in Bad Weather"" safety lesson (power: ""Weather Watch"" -- Always knows when to head indoors.). Primary costume color: warm alert red (#c0392b), used for the cape/bodysuit main color, with a white or cream secondary accent color for gloves/boots/trim. Chest emblem: a small cloud with a lightning bolt underneath, in white or a light contrasting color, centered on the chest. Pose: standing in an alert, ready-to-help stance, one fist gently raised."
selfadvocacy-safety,Speaking Up for Myself,Voice Vanguard,Bold Voice,#c9770a,hero-selfadvocacy-safety.png,"Flat, clean vector-illustration style children's superhero mascot character (think modern kids'-educational-app mascot, NOT photorealistic, NOT a comic-book/manga style, NOT scary or intense). Simple bold shapes, thick clean outlines (2-3px even weight), soft rounded corners, minimal fine detail so it stays clear as a small icon. Big simple friendly eyes, warm gentle smile, no aggressive or intense facial expressions. A simple cape and a form-fitting superhero costume/bodysuit (no exposed muscles, no weapons, nothing frightening). Character is a friendly, ambiguous-age kid-appropriate superhero (not obviously adult or child, not gendered-specific unless noted). Plain solid-color or transparent background, no scenery, no text, no logos, no watermarks. Square 1:1 composition, character centered and fully visible with a little padding around the edges. Bright, clean, cheerful lighting -- no harsh shadows. This character is ""Voice Vanguard"", the superhero for the ""Speaking Up for Myself"" safety lesson (power: ""Bold Voice"" -- Speaks up clearly for what she needs.). Primary costume color: warm golden amber (#c9770a), used for the cape/bodysuit main color, with a white or cream secondary accent color for gloves/boots/trim. Chest emblem: a rounded speech-bubble, in white or a light contrasting color, centered on the chest. Pose: standing confidently with one hand raised near their mouth as if speaking up clearly."
body-boundaries-safety,My Body Belongs to Me,Boundary Champion,Personal Shield,#6a4fd1,hero-body-boundaries-safety.png,"Flat, clean vector-illustration style children's superhero mascot character (think modern kids'-educational-app mascot, NOT photorealistic, NOT a comic-book/manga style, NOT scary or intense). Simple bold shapes, thick clean outlines (2-3px even weight), soft rounded corners, minimal fine detail so it stays clear as a small icon. Big simple friendly eyes, warm gentle smile, no aggressive or intense facial expressions. A simple cape and a form-fitting superhero costume/bodysuit (no exposed muscles, no weapons, nothing frightening). Character is a friendly, ambiguous-age kid-appropriate superhero (not obviously adult or child, not gendered-specific unless noted). Plain solid-color or transparent background, no scenery, no text, no logos, no watermarks. Square 1:1 composition, character centered and fully visible with a little padding around the edges. Bright, clean, cheerful lighting -- no harsh shadows. This character is ""Boundary Champion"", the superhero for the ""My Body Belongs to Me"" safety lesson (power: ""Personal Shield"" -- Protects her own space with confidence.). Primary costume color: calm violet-purple (#6a4fd1), used for the cape/bodysuit main color, with a white or cream secondary accent color for gloves/boots/trim. Chest emblem: a heart nested inside a shield outline, in white or a light contrasting color, centered on the chest. Pose: standing in a calm protective stance, arms slightly out as if guarding a space."
secrets-safety,Safe and Unsafe Secrets,Truth Teller,Secret Sense,#6a4fd1,hero-secrets-safety.png,"Flat, clean vector-illustration style children's superhero mascot character (think modern kids'-educational-app mascot, NOT photorealistic, NOT a comic-book/manga style, NOT scary or intense). Simple bold shapes, thick clean outlines (2-3px even weight), soft rounded corners, minimal fine detail so it stays clear as a small icon. Big simple friendly eyes, warm gentle smile, no aggressive or intense facial expressions. A simple cape and a form-fitting superhero costume/bodysuit (no exposed muscles, no weapons, nothing frightening). Character is a friendly, ambiguous-age kid-appropriate superhero (not obviously adult or child, not gendered-specific unless noted). Plain solid-color or transparent background, no scenery, no text, no logos, no watermarks. Square 1:1 composition, character centered and fully visible with a little padding around the edges. Bright, clean, cheerful lighting -- no harsh shadows. This character is ""Truth Teller"", the superhero for the ""Safe and Unsafe Secrets"" safety lesson (power: ""Secret Sense"" -- Knows a safe secret from a warning sign.). Primary costume color: calm violet-purple (#6a4fd1), used for the cape/bodysuit main color, with a white or cream secondary accent color for gloves/boots/trim. Chest emblem: a simple padlock, in white or a light contrasting color, centered on the chest. Pose: standing in a calm protective stance, arms slightly out as if guarding a space."
reporting-safety,Tattling vs. Telling,Report Ranger,Clear Signal,#6a4fd1,hero-reporting-safety.png,"Flat, clean vector-illustration style children's superhero mascot character (think modern kids'-educational-app mascot, NOT photorealistic, NOT a comic-book/manga style, NOT scary or intense). Simple bold shapes, thick clean outlines (2-3px even weight), soft rounded corners, minimal fine detail so it stays clear as a small icon. Big simple friendly eyes, warm gentle smile, no aggressive or intense facial expressions. A simple cape and a form-fitting superhero costume/bodysuit (no exposed muscles, no weapons, nothing frightening). Character is a friendly, ambiguous-age kid-appropriate superhero (not obviously adult or child, not gendered-specific unless noted). Plain solid-color or transparent background, no scenery, no text, no logos, no watermarks. Square 1:1 composition, character centered and fully visible with a little padding around the edges. Bright, clean, cheerful lighting -- no harsh shadows. This character is ""Report Ranger"", the superhero for the ""Tattling vs. Telling"" safety lesson (power: ""Clear Signal"" -- Tells a trusted adult right away.). Primary costume color: calm violet-purple (#6a4fd1), used for the cape/bodysuit main color, with a white or cream secondary accent color for gloves/boots/trim. Chest emblem: a rounded speech-bubble, in white or a light contrasting color, centered on the chest. Pose: standing confidently with one hand raised near their mouth as if speaking up clearly."
awareness-safety,Paying Attention to My Surroundings,Radar,Surroundings Sight,#1f9d6b,hero-awareness-safety.png,"Flat, clean vector-illustration style children's superhero mascot character (think modern kids'-educational-app mascot, NOT photorealistic, NOT a comic-book/manga style, NOT scary or intense). Simple bold shapes, thick clean outlines (2-3px even weight), soft rounded corners, minimal fine detail so it stays clear as a small icon. Big simple friendly eyes, warm gentle smile, no aggressive or intense facial expressions. A simple cape and a form-fitting superhero costume/bodysuit (no exposed muscles, no weapons, nothing frightening). Character is a friendly, ambiguous-age kid-appropriate superhero (not obviously adult or child, not gendered-specific unless noted). Plain solid-color or transparent background, no scenery, no text, no logos, no watermarks. Square 1:1 composition, character centered and fully visible with a little padding around the edges. Bright, clean, cheerful lighting -- no harsh shadows. This character is ""Radar"", the superhero for the ""Paying Attention to My Surroundings"" safety lesson (power: ""Surroundings Sight"" -- Always aware of what’s happening nearby.). Primary costume color: friendly grass green (#1f9d6b), used for the cape/bodysuit main color, with a white or cream secondary accent color for gloves/boots/trim. Chest emblem: a radar-screen circle with concentric rings and a center dot, in white or a light contrasting color, centered on the chest. Pose: standing tall, looking off to one side attentively as if watching for something."
plan-safety,Making a Safety P.L.A.N.,Plan Master,Ready Plan,#c0392b,hero-plan-safety.png,"Flat, clean vector-illustration style children's superhero mascot character (think modern kids'-educational-app mascot, NOT photorealistic, NOT a comic-book/manga style, NOT scary or intense). Simple bold shapes, thick clean outlines (2-3px even weight), soft rounded corners, minimal fine detail so it stays clear as a small icon. Big simple friendly eyes, warm gentle smile, no aggressive or intense facial expressions. A simple cape and a form-fitting superhero costume/bodysuit (no exposed muscles, no weapons, nothing frightening). Character is a friendly, ambiguous-age kid-appropriate superhero (not obviously adult or child, not gendered-specific unless noted). Plain solid-color or transparent background, no scenery, no text, no logos, no watermarks. Square 1:1 composition, character centered and fully visible with a little padding around the edges. Bright, clean, cheerful lighting -- no harsh shadows. This character is ""Plan Master"", the superhero for the ""Making a Safety P.L.A.N."" safety lesson (power: ""Ready Plan"" -- Always has a safety plan ready to go.). Primary costume color: warm alert red (#c0392b), used for the cape/bodysuit main color, with a white or cream secondary accent color for gloves/boots/trim. Chest emblem: a clipboard with a checkmark, in white or a light contrasting color, centered on the chest. Pose: standing cheerfully, holding a small object shaped like their chest emblem."
privacy-safety,Privacy,Privacy Guardian,Info Shield,#6a4fd1,hero-privacy-safety.png,"Flat, clean vector-illustration style children's superhero mascot character (think modern kids'-educational-app mascot, NOT photorealistic, NOT a comic-book/manga style, NOT scary or intense). Simple bold shapes, thick clean outlines (2-3px even weight), soft rounded corners, minimal fine detail so it stays clear as a small icon. Big simple friendly eyes, warm gentle smile, no aggressive or intense facial expressions. A simple cape and a form-fitting superhero costume/bodysuit (no exposed muscles, no weapons, nothing frightening). Character is a friendly, ambiguous-age kid-appropriate superhero (not obviously adult or child, not gendered-specific unless noted). Plain solid-color or transparent background, no scenery, no text, no logos, no watermarks. Square 1:1 composition, character centered and fully visible with a little padding around the edges. Bright, clean, cheerful lighting -- no harsh shadows. This character is ""Privacy Guardian"", the superhero for the ""Privacy"" safety lesson (power: ""Info Shield"" -- Keeps personal information safe.). Primary costume color: calm violet-purple (#6a4fd1), used for the cape/bodysuit main color, with a white or cream secondary accent color for gloves/boots/trim. Chest emblem: a rolled-up scroll, in white or a light contrasting color, centered on the chest. Pose: standing cheerfully, holding a small object shaped like their chest emblem."
bullying-safety,Dealing with Bullying,Kindness Knight,Stand Tall,#c9770a,hero-bullying-safety.png,"Flat, clean vector-illustration style children's superhero mascot character (think modern kids'-educational-app mascot, NOT photorealistic, NOT a comic-book/manga style, NOT scary or intense). Simple bold shapes, thick clean outlines (2-3px even weight), soft rounded corners, minimal fine detail so it stays clear as a small icon. Big simple friendly eyes, warm gentle smile, no aggressive or intense facial expressions. A simple cape and a form-fitting superhero costume/bodysuit (no exposed muscles, no weapons, nothing frightening). Character is a friendly, ambiguous-age kid-appropriate superhero (not obviously adult or child, not gendered-specific unless noted). Plain solid-color or transparent background, no scenery, no text, no logos, no watermarks. Square 1:1 composition, character centered and fully visible with a little padding around the edges. Bright, clean, cheerful lighting -- no harsh shadows. This character is ""Kindness Knight"", the superhero for the ""Dealing with Bullying"" safety lesson (power: ""Stand Tall"" -- Stands tall and asks for help when bullied.). Primary costume color: warm golden amber (#c9770a), used for the cape/bodysuit main color, with a white or cream secondary accent color for gloves/boots/trim. Chest emblem: a simple rounded heart, in white or a light contrasting color, centered on the chest. Pose: standing in a relaxed, gentle pose with a warm, reassuring smile."
online-safety,Staying Safe Online,Cyber Scout,Safe Click,#2f6fed,hero-online-safety.png,"Flat, clean vector-illustration style children's superhero mascot character (think modern kids'-educational-app mascot, NOT photorealistic, NOT a comic-book/manga style, NOT scary or intense). Simple bold shapes, thick clean outlines (2-3px even weight), soft rounded corners, minimal fine detail so it stays clear as a small icon. Big simple friendly eyes, warm gentle smile, no aggressive or intense facial expressions. A simple cape and a form-fitting superhero costume/bodysuit (no exposed muscles, no weapons, nothing frightening). Character is a friendly, ambiguous-age kid-appropriate superhero (not obviously adult or child, not gendered-specific unless noted). Plain solid-color or transparent background, no scenery, no text, no logos, no watermarks. Square 1:1 composition, character centered and fully visible with a little padding around the edges. Bright, clean, cheerful lighting -- no harsh shadows. This character is ""Cyber Scout"", the superhero for the ""Staying Safe Online"" safety lesson (power: ""Safe Click"" -- Thinks before clicking or sharing online.). Primary costume color: cool trustworthy blue (#2f6fed), used for the cape/bodysuit main color, with a white or cream secondary accent color for gloves/boots/trim. Chest emblem: a rounded rectangle screen/monitor shape, in white or a light contrasting color, centered on the chest. Pose: standing cheerfully, holding a small object shaped like their chest emblem."
cyberbullying-safety,Cyberbullying,Net Defender,Block & Tell,#2f6fed,hero-cyberbullying-safety.png,"Flat, clean vector-illustration style children's superhero mascot character (think modern kids'-educational-app mascot, NOT photorealistic, NOT a comic-book/manga style, NOT scary or intense). Simple bold shapes, thick clean outlines (2-3px even weight), soft rounded corners, minimal fine detail so it stays clear as a small icon. Big simple friendly eyes, warm gentle smile, no aggressive or intense facial expressions. A simple cape and a form-fitting superhero costume/bodysuit (no exposed muscles, no weapons, nothing frightening). Character is a friendly, ambiguous-age kid-appropriate superhero (not obviously adult or child, not gendered-specific unless noted). Plain solid-color or transparent background, no scenery, no text, no logos, no watermarks. Square 1:1 composition, character centered and fully visible with a little padding around the edges. Bright, clean, cheerful lighting -- no harsh shadows. This character is ""Net Defender"", the superhero for the ""Cyberbullying"" safety lesson (power: ""Block & Tell"" -- Blocks unkind messages and tells a grown-up.). Primary costume color: cool trustworthy blue (#2f6fed), used for the cape/bodysuit main color, with a white or cream secondary accent color for gloves/boots/trim. Chest emblem: a rounded speech-bubble, in white or a light contrasting color, centered on the chest. Pose: standing confidently with one hand raised near their mouth as if speaking up clearly."
citizenship-safety,Being a Good Bystander,Upstander,Helper’s Heart,#2f6fed,hero-citizenship-safety.png,"Flat, clean vector-illustration style children's superhero mascot character (think modern kids'-educational-app mascot, NOT photorealistic, NOT a comic-book/manga style, NOT scary or intense). Simple bold shapes, thick clean outlines (2-3px even weight), soft rounded corners, minimal fine detail so it stays clear as a small icon. Big simple friendly eyes, warm gentle smile, no aggressive or intense facial expressions. A simple cape and a form-fitting superhero costume/bodysuit (no exposed muscles, no weapons, nothing frightening). Character is a friendly, ambiguous-age kid-appropriate superhero (not obviously adult or child, not gendered-specific unless noted). Plain solid-color or transparent background, no scenery, no text, no logos, no watermarks. Square 1:1 composition, character centered and fully visible with a little padding around the edges. Bright, clean, cheerful lighting -- no harsh shadows. This character is ""Upstander"", the superhero for the ""Being a Good Bystander"" safety lesson (power: ""Helper’s Heart"" -- Steps in and helps when someone needs it.). Primary costume color: cool trustworthy blue (#2f6fed), used for the cape/bodysuit main color, with a white or cream secondary accent color for gloves/boots/trim. Chest emblem: a simple rounded heart, in white or a light contrasting color, centered on the chest. Pose: standing in a relaxed, gentle pose with a warm, reassuring smile."
rights-safety,Knowing My Rights,Rights Ranger,Know-My-Rights,#c9770a,hero-rights-safety.png,"Flat, clean vector-illustration style children's superhero mascot character (think modern kids'-educational-app mascot, NOT photorealistic, NOT a comic-book/manga style, NOT scary or intense). Simple bold shapes, thick clean outlines (2-3px even weight), soft rounded corners, minimal fine detail so it stays clear as a small icon. Big simple friendly eyes, warm gentle smile, no aggressive or intense facial expressions. A simple cape and a form-fitting superhero costume/bodysuit (no exposed muscles, no weapons, nothing frightening). Character is a friendly, ambiguous-age kid-appropriate superhero (not obviously adult or child, not gendered-specific unless noted). Plain solid-color or transparent background, no scenery, no text, no logos, no watermarks. Square 1:1 composition, character centered and fully visible with a little padding around the edges. Bright, clean, cheerful lighting -- no harsh shadows. This character is ""Rights Ranger"", the superhero for the ""Knowing My Rights"" safety lesson (power: ""Know-My-Rights"" -- Knows the rights every kid deserves.). Primary costume color: warm golden amber (#c9770a), used for the cape/bodysuit main color, with a white or cream secondary accent color for gloves/boots/trim. Chest emblem: a rolled-up scroll, in white or a light contrasting color, centered on the chest. Pose: standing cheerfully, holding a small object shaped like their chest emblem."
water-safety,Water Safety,Aqua Sentinel,Tide Control,#c0392b,hero-water-safety.png,"Flat, clean vector-illustration style children's superhero mascot character (think modern kids'-educational-app mascot, NOT photorealistic, NOT a comic-book/manga style, NOT scary or intense). Simple bold shapes, thick clean outlines (2-3px even weight), soft rounded corners, minimal fine detail so it stays clear as a small icon. Big simple friendly eyes, warm gentle smile, no aggressive or intense facial expressions. A simple cape and a form-fitting superhero costume/bodysuit (no exposed muscles, no weapons, nothing frightening). Character is a friendly, ambiguous-age kid-appropriate superhero (not obviously adult or child, not gendered-specific unless noted). Plain solid-color or transparent background, no scenery, no text, no logos, no watermarks. Square 1:1 composition, character centered and fully visible with a little padding around the edges. Bright, clean, cheerful lighting -- no harsh shadows. This character is ""Aqua Sentinel"", the superhero for the ""Water Safety"" safety lesson (power: ""Tide Control"" -- Always swims with a buddy and a grown-up.). Primary costume color: warm alert red (#c0392b), used for the cape/bodysuit main color, with a white or cream secondary accent color for gloves/boots/trim. Chest emblem: a single water droplet, in white or a light contrasting color, centered on the chest. Pose: standing in a friendly, confident superhero pose, hands on hips."
home-safety,Staying Safe at Home,Home Hero,Check-First Sense,#c0392b,hero-home-safety.png,"Flat, clean vector-illustration style children's superhero mascot character (think modern kids'-educational-app mascot, NOT photorealistic, NOT a comic-book/manga style, NOT scary or intense). Simple bold shapes, thick clean outlines (2-3px even weight), soft rounded corners, minimal fine detail so it stays clear as a small icon. Big simple friendly eyes, warm gentle smile, no aggressive or intense facial expressions. A simple cape and a form-fitting superhero costume/bodysuit (no exposed muscles, no weapons, nothing frightening). Character is a friendly, ambiguous-age kid-appropriate superhero (not obviously adult or child, not gendered-specific unless noted). Plain solid-color or transparent background, no scenery, no text, no logos, no watermarks. Square 1:1 composition, character centered and fully visible with a little padding around the edges. Bright, clean, cheerful lighting -- no harsh shadows. This character is ""Home Hero"", the superhero for the ""Staying Safe at Home"" safety lesson (power: ""Check-First Sense"" -- Always checks first before opening the door.). Primary costume color: warm alert red (#c0392b), used for the cape/bodysuit main color, with a white or cream secondary accent color for gloves/boots/trim. Chest emblem: a simple triangle-roofed house, in white or a light contrasting color, centered on the chest. Pose: standing in a friendly, confident superhero pose, hands on hips."
bike-safety,Bicycle Safety,Pedal Patrol,Helmet Force,#1f9d6b,hero-bike-safety.png,"Flat, clean vector-illustration style children's superhero mascot character (think modern kids'-educational-app mascot, NOT photorealistic, NOT a comic-book/manga style, NOT scary or intense). Simple bold shapes, thick clean outlines (2-3px even weight), soft rounded corners, minimal fine detail so it stays clear as a small icon. Big simple friendly eyes, warm gentle smile, no aggressive or intense facial expressions. A simple cape and a form-fitting superhero costume/bodysuit (no exposed muscles, no weapons, nothing frightening). Character is a friendly, ambiguous-age kid-appropriate superhero (not obviously adult or child, not gendered-specific unless noted). Plain solid-color or transparent background, no scenery, no text, no logos, no watermarks. Square 1:1 composition, character centered and fully visible with a little padding around the edges. Bright, clean, cheerful lighting -- no harsh shadows. This character is ""Pedal Patrol"", the superhero for the ""Bicycle Safety"" safety lesson (power: ""Helmet Force"" -- Never rides without a helmet on.). Primary costume color: friendly grass green (#1f9d6b), used for the cape/bodysuit main color, with a white or cream secondary accent color for gloves/boots/trim. Chest emblem: a bicycle wheel with spokes, in white or a light contrasting color, centered on the chest. Pose: standing in a friendly, confident superhero pose, hands on hips."
peer-pressure-safety,Handling Peer Pressure,Willpower,Strong No,#c9770a,hero-peer-pressure-safety.png,"Flat, clean vector-illustration style children's superhero mascot character (think modern kids'-educational-app mascot, NOT photorealistic, NOT a comic-book/manga style, NOT scary or intense). Simple bold shapes, thick clean outlines (2-3px even weight), soft rounded corners, minimal fine detail so it stays clear as a small icon. Big simple friendly eyes, warm gentle smile, no aggressive or intense facial expressions. A simple cape and a form-fitting superhero costume/bodysuit (no exposed muscles, no weapons, nothing frightening). Character is a friendly, ambiguous-age kid-appropriate superhero (not obviously adult or child, not gendered-specific unless noted). Plain solid-color or transparent background, no scenery, no text, no logos, no watermarks. Square 1:1 composition, character centered and fully visible with a little padding around the edges. Bright, clean, cheerful lighting -- no harsh shadows. This character is ""Willpower"", the superhero for the ""Handling Peer Pressure"" safety lesson (power: ""Strong No"" -- Says a strong ""no"" and means it.). Primary costume color: warm golden amber (#c9770a), used for the cape/bodysuit main color, with a white or cream secondary accent color for gloves/boots/trim. Chest emblem: a five-pointed star, in white or a light contrasting color, centered on the chest. Pose: standing in a friendly, confident superhero pose, hands on hips."
elopement-safety,Staying With My Safe Adult,Steady Anchor,Stay-Put Strength,#1f9d6b,hero-elopement-safety.png,"Flat, clean vector-illustration style children's superhero mascot character (think modern kids'-educational-app mascot, NOT photorealistic, NOT a comic-book/manga style, NOT scary or intense). Simple bold shapes, thick clean outlines (2-3px even weight), soft rounded corners, minimal fine detail so it stays clear as a small icon. Big simple friendly eyes, warm gentle smile, no aggressive or intense facial expressions. A simple cape and a form-fitting superhero costume/bodysuit (no exposed muscles, no weapons, nothing frightening). Character is a friendly, ambiguous-age kid-appropriate superhero (not obviously adult or child, not gendered-specific unless noted). Plain solid-color or transparent background, no scenery, no text, no logos, no watermarks. Square 1:1 composition, character centered and fully visible with a little padding around the edges. Bright, clean, cheerful lighting -- no harsh shadows. This character is ""Steady Anchor"", the superhero for the ""Staying With My Safe Adult"" safety lesson (power: ""Stay-Put Strength"" -- Always stays with the group and finds a helper instead of wandering off.). Primary costume color: friendly grass green (#1f9d6b), used for the cape/bodysuit main color, with a white or cream secondary accent color for gloves/boots/trim. Chest emblem: a simple ship anchor, in white or a light contrasting color, centered on the chest. Pose: standing in a friendly, confident superhero pose, hands on hips."
safehelper-safety,Finding a Safe Helper,Helper Hawk,Safe-Helper Sight,#1f9d6b,hero-safehelper-safety.png,"Flat, clean vector-illustration style children's superhero mascot character (think modern kids'-educational-app mascot, NOT photorealistic, NOT a comic-book/manga style, NOT scary or intense). Simple bold shapes, thick clean outlines (2-3px even weight), soft rounded corners, minimal fine detail so it stays clear as a small icon. Big simple friendly eyes, warm gentle smile, no aggressive or intense facial expressions. A simple cape and a form-fitting superhero costume/bodysuit (no exposed muscles, no weapons, nothing frightening). Character is a friendly, ambiguous-age kid-appropriate superhero (not obviously adult or child, not gendered-specific unless noted). Plain solid-color or transparent background, no scenery, no text, no logos, no watermarks. Square 1:1 composition, character centered and fully visible with a little padding around the edges. Bright, clean, cheerful lighting -- no harsh shadows. This character is ""Helper Hawk"", the superhero for the ""Finding a Safe Helper"" safety lesson (power: ""Safe-Helper Sight"" -- Spots the right kind of helper to ask when help is needed.). Primary costume color: friendly grass green (#1f9d6b), used for the cape/bodysuit main color, with a white or cream secondary accent color for gloves/boots/trim. Chest emblem: a rounded five-sided badge/crest, in white or a light contrasting color, centered on the chest. Pose: standing in a friendly, confident superhero pose, hands on hips."
medical-safety,Going to the Doctor or Dentist,Brave Heart,Calm Courage,#6a4fd1,hero-medical-safety.png,"Flat, clean vector-illustration style children's superhero mascot character (think modern kids'-educational-app mascot, NOT photorealistic, NOT a comic-book/manga style, NOT scary or intense). Simple bold shapes, thick clean outlines (2-3px even weight), soft rounded corners, minimal fine detail so it stays clear as a small icon. Big simple friendly eyes, warm gentle smile, no aggressive or intense facial expressions. A simple cape and a form-fitting superhero costume/bodysuit (no exposed muscles, no weapons, nothing frightening). Character is a friendly, ambiguous-age kid-appropriate superhero (not obviously adult or child, not gendered-specific unless noted). Plain solid-color or transparent background, no scenery, no text, no logos, no watermarks. Square 1:1 composition, character centered and fully visible with a little padding around the edges. Bright, clean, cheerful lighting -- no harsh shadows. This character is ""Brave Heart"", the superhero for the ""Going to the Doctor or Dentist"" safety lesson (power: ""Calm Courage"" -- Stays brave and asks questions at checkups.). Primary costume color: calm violet-purple (#6a4fd1), used for the cape/bodysuit main color, with a white or cream secondary accent color for gloves/boots/trim. Chest emblem: a simple rounded heart, in white or a light contrasting color, centered on the chest. Pose: standing in a relaxed, gentle pose with a warm, reassuring smile."
selfregulation-safety,Finding My Calm,Breeze,Calm Wave,#c9770a,hero-selfregulation-safety.png,"Flat, clean vector-illustration style children's superhero mascot character (think modern kids'-educational-app mascot, NOT photorealistic, NOT a comic-book/manga style, NOT scary or intense). Simple bold shapes, thick clean outlines (2-3px even weight), soft rounded corners, minimal fine detail so it stays clear as a small icon. Big simple friendly eyes, warm gentle smile, no aggressive or intense facial expressions. A simple cape and a form-fitting superhero costume/bodysuit (no exposed muscles, no weapons, nothing frightening). Character is a friendly, ambiguous-age kid-appropriate superhero (not obviously adult or child, not gendered-specific unless noted). Plain solid-color or transparent background, no scenery, no text, no logos, no watermarks. Square 1:1 composition, character centered and fully visible with a little padding around the edges. Bright, clean, cheerful lighting -- no harsh shadows. This character is ""Breeze"", the superhero for the ""Finding My Calm"" safety lesson (power: ""Calm Wave"" -- Finds calm and asks for a break when feelings get big.). Primary costume color: warm golden amber (#c9770a), used for the cape/bodysuit main color, with a white or cream secondary accent color for gloves/boots/trim. Chest emblem: three curved wind-swirl lines, in white or a light contrasting color, centered on the chest. Pose: standing in a relaxed, gentle pose with a warm, reassuring smile."
firstaid-safety,Choking & First Aid Basics,Aid Ally,Calm Response,#c0392b,hero-firstaid-safety.png,"Flat, clean vector-illustration style children's superhero mascot character (think modern kids'-educational-app mascot, NOT photorealistic, NOT a comic-book/manga style, NOT scary or intense). Simple bold shapes, thick clean outlines (2-3px even weight), soft rounded corners, minimal fine detail so it stays clear as a small icon. Big simple friendly eyes, warm gentle smile, no aggressive or intense facial expressions. A simple cape and a form-fitting superhero costume/bodysuit (no exposed muscles, no weapons, nothing frightening). Character is a friendly, ambiguous-age kid-appropriate superhero (not obviously adult or child, not gendered-specific unless noted). Plain solid-color or transparent background, no scenery, no text, no logos, no watermarks. Square 1:1 composition, character centered and fully visible with a little padding around the edges. Bright, clean, cheerful lighting -- no harsh shadows. This character is ""Aid Ally"", the superhero for the ""Choking & First Aid Basics"" safety lesson (power: ""Calm Response"" -- Notices trouble fast and gets a grown-up right away.). Primary costume color: warm alert red (#c0392b), used for the cape/bodysuit main color, with a white or cream secondary accent color for gloves/boots/trim. Chest emblem: a simple rounded heart, in white or a light contrasting color, centered on the chest. Pose: standing in a relaxed, gentle pose with a warm, reassuring smile."
seizure-safety,Seizure Awareness & Safety,Steady Watcher,Safe-Side Sense,#c0392b,hero-seizure-safety.png,"Flat, clean vector-illustration style children's superhero mascot character (think modern kids'-educational-app mascot, NOT photorealistic, NOT a comic-book/manga style, NOT scary or intense). Simple bold shapes, thick clean outlines (2-3px even weight), soft rounded corners, minimal fine detail so it stays clear as a small icon. Big simple friendly eyes, warm gentle smile, no aggressive or intense facial expressions. A simple cape and a form-fitting superhero costume/bodysuit (no exposed muscles, no weapons, nothing frightening). Character is a friendly, ambiguous-age kid-appropriate superhero (not obviously adult or child, not gendered-specific unless noted). Plain solid-color or transparent background, no scenery, no text, no logos, no watermarks. Square 1:1 composition, character centered and fully visible with a little padding around the edges. Bright, clean, cheerful lighting -- no harsh shadows. This character is ""Steady Watcher"", the superhero for the ""Seizure Awareness & Safety"" safety lesson (power: ""Safe-Side Sense"" -- Stays calm, clears the space, and gets help during a seizure.). Primary costume color: warm alert red (#c0392b), used for the cape/bodysuit main color, with a white or cream secondary accent color for gloves/boots/trim. Chest emblem: a radar-screen circle with concentric rings and a center dot, in white or a light contrasting color, centered on the chest. Pose: standing tall, looking off to one side attentively as if watching for something."
money-safety,Money & Scam Safety,Penny Guard,Scam Sense,#c9770a,hero-money-safety.png,"Flat, clean vector-illustration style children's superhero mascot character (think modern kids'-educational-app mascot, NOT photorealistic, NOT a comic-book/manga style, NOT scary or intense). Simple bold shapes, thick clean outlines (2-3px even weight), soft rounded corners, minimal fine detail so it stays clear as a small icon. Big simple friendly eyes, warm gentle smile, no aggressive or intense facial expressions. A simple cape and a form-fitting superhero costume/bodysuit (no exposed muscles, no weapons, nothing frightening). Character is a friendly, ambiguous-age kid-appropriate superhero (not obviously adult or child, not gendered-specific unless noted). Plain solid-color or transparent background, no scenery, no text, no logos, no watermarks. Square 1:1 composition, character centered and fully visible with a little padding around the edges. Bright, clean, cheerful lighting -- no harsh shadows. This character is ""Penny Guard"", the superhero for the ""Money & Scam Safety"" safety lesson (power: ""Scam Sense"" -- Spots a money trick and checks with a grown-up first.). Primary costume color: warm golden amber (#c9770a), used for the cape/bodysuit main color, with a white or cream secondary accent color for gloves/boots/trim. Chest emblem: a simple rounded shield shape, in white or a light contrasting color, centered on the chest. Pose: standing in a calm protective stance, arms slightly out as if guarding a space."
dating-safety,Healthy Relationships & Dating Safety,Respect Ranger,Clear Consent,#6a4fd1,hero-dating-safety.png,"Flat, clean vector-illustration style children's superhero mascot character (think modern kids'-educational-app mascot, NOT photorealistic, NOT a comic-book/manga style, NOT scary or intense). Simple bold shapes, thick clean outlines (2-3px even weight), soft rounded corners, minimal fine detail so it stays clear as a small icon. Big simple friendly eyes, warm gentle smile, no aggressive or intense facial expressions. A simple cape and a form-fitting superhero costume/bodysuit (no exposed muscles, no weapons, nothing frightening). Character is a friendly, ambiguous-age kid-appropriate superhero (not obviously adult or child, not gendered-specific unless noted). Plain solid-color or transparent background, no scenery, no text, no logos, no watermarks. Square 1:1 composition, character centered and fully visible with a little padding around the edges. Bright, clean, cheerful lighting -- no harsh shadows. This character is ""Respect Ranger"", the superhero for the ""Healthy Relationships & Dating Safety"" safety lesson (power: ""Clear Consent"" -- Knows their “no” matters, and so does everyone else’s.). Primary costume color: calm violet-purple (#6a4fd1), used for the cape/bodysuit main color, with a white or cream secondary accent color for gloves/boots/trim. Chest emblem: a compass-rose (star-shaped needle inside a circle), in white or a light contrasting color, centered on the chest. Pose: standing tall, looking off to one side attentively as if watching for something."
